problem,n_obj,algorithm,run,seed,hv,igd_plus,runtime_s,n_var,pop_size,n_gen
dtlz1,2,NSGA-II,0,1,0.1631014686385044,0.015517533067978019,1.4673824310302734,10,100,200
dtlz1,2,NSGA-II,1,1001,0.001924411995223821,0.37830224446768185,1.4325230121612549,10,100,200
dtlz1,2,NSGA-II,2,2001,0.0,0.7124761292458583,1.440276861190796,10,100,200
dtlz1,2,NSGA-II,3,3001,0.16841148958936683,0.01035281638957375,1.43330979347229,10,100,200
dtlz1,2,NSGA-II,4,4001,0.0,1.0593372351503278,1.4333305358886719,10,100,200
dtlz1,2,NSGA-II,5,5001,0.0011328097035763949,0.3755018531800075,1.4249460697174072,10,100,200
dtlz1,2,NSGA-II,6,6001,0.14407013165512877,0.03685566785059963,1.4583051204681396,10,100,200
dtlz1,2,NSGA-II,7,7001,0.0030345015258643323,0.36252751770922836,1.4583399295806885,10,100,200
dtlz1,2,NSGA-II,8,8001,0.0,0.41947059902064787,1.4743728637695312,10,100,200
dtlz1,2,NSGA-II,9,9001,0.0,0.7298637126666505,1.4499473571777344,10,100,200
dtlz1,2,NSGA-II,10,10001,0.14109281708514587,0.04144422231402609,1.441624641418457,10,100,200
dtlz1,2,NSGA-II,11,11001,0.0008242979915299261,0.3710684004744253,1.3999989032745361,10,100,200
dtlz1,2,NSGA-II,12,12001,0.0,0.7604558527253861,1.4083213806152344,10,100,200
dtlz1,2,NSGA-II,13,13001,0.1549504002484038,0.02454833353859108,1.45112943649292,10,100,200
dtlz1,2,NSGA-II,14,14001,0.002487077578848623,0.36920847361932474,1.4480493068695068,10,100,200
dtlz1,2,SMS-EMOA,0,1,0.0,1.3923795402611707,16.51754355430603,10,100,200
dtlz1,2,SMS-EMOA,1,1001,0.09452367616921498,0.09056884790419353,16.54844093322754,10,100,200
dtlz1,2,SMS-EMOA,2,2001,0.09594922557968993,0.08682345354181355,16.700939655303955,10,100,200
dtlz1,2,SMS-EMOA,3,3001,0.0,1.366550732126091,15.940082788467407,10,100,200
dtlz1,2,SMS-EMOA,4,4001,0.000858209551324838,0.3855230450258439,16.484212160110474,10,100,200
dtlz1,2,SMS-EMOA,5,5001,0.0,0.7558163265164498,16.142195463180542,10,100,200
dtlz1,2,SMS-EMOA,6,6001,0.0,0.7695637641531035,16.12381601333618,10,100,200
dtlz1,2,SMS-EMOA,7,7001,0.0,0.7053928100610649,16.000855684280396,10,100,200
dtlz1,2,SMS-EMOA,8,8001,0.0,0.44211164672979814,16.373547077178955,10,100,200
dtlz1,2,SMS-EMOA,9,9001,0.0,0.8259485609332294,16.081712007522583,10,100,200
dtlz1,2,SMS-EMOA,10,10001,0.0,1.1789972838682459,15.921583414077759,10,100,200
dtlz1,2,SMS-EMOA,11,11001,0.0,1.107133407839383,16.155760288238525,10,100,200
dtlz1,2,SMS-EMOA,12,12001,0.0028120523567170975,0.36643302613239465,16.59260892868042,10,100,200
dtlz1,2,SMS-EMOA,13,13001,0.002192340608576623,0.37410750069227006,16.230751276016235,10,100,200
dtlz1,2,SMS-EMOA,14,14001,0.15822219288129652,0.021948281436973815,16.329749584197998,10,100,200
dtlz1,3,NSGA-II,0,1,0.0,0.5429067307241314,1.2225759029388428,10,100,200
dtlz1,3,NSGA-II,1,1001,0.0,1.775708115086959,1.1971616744995117,10,100,200
dtlz1,3,NSGA-II,2,2001,0.0,1.1350218915169366,1.2281949520111084,10,100,200
dtlz1,3,NSGA-II,3,3001,0.0,0.4718868429299239,1.191746473312378,10,100,200
dtlz1,3,NSGA-II,4,4001,0.0,1.7751507642359385,1.2045009136199951,10,100,200
dtlz1,3,NSGA-II,5,5001,0.0,0.8258883121148165,1.2015841007232666,10,100,200
dtlz1,3,NSGA-II,6,6001,0.0,1.085700415040487,1.1904785633087158,10,100,200
dtlz1,3,NSGA-II,7,7001,0.0,2.6391714779846573,1.2045464515686035,10,100,200
dtlz1,3,NSGA-II,8,8001,0.0,1.7197982094599593,1.2014262676239014,10,100,200
dtlz1,3,NSGA-II,9,9001,0.0,0.8344454887961632,1.205132007598877,10,100,200
dtlz1,3,NSGA-II,10,10001,0.0,2.741581572652044,1.1924059391021729,10,100,200
dtlz1,3,NSGA-II,11,11001,0.0,1.0791115987408777,1.2328307628631592,10,100,200
dtlz1,3,NSGA-II,12,12001,0.0,2.311752771689923,1.2303211688995361,10,100,200
dtlz1,3,NSGA-II,13,13001,0.0,1.3094938741595126,1.182332992553711,10,100,200
dtlz1,3,NSGA-II,14,14001,0.0,1.3802144311413787,1.1721360683441162,10,100,200
dtlz1,3,SMS-EMOA,0,1,0.0,1.2832925670821076,15.112188577651978,10,100,200
dtlz1,3,SMS-EMOA,1,1001,0.11813478423485929,0.0606282467453328,15.244423627853394,10,100,200
dtlz1,3,SMS-EMOA,2,2001,0.10489273173219117,0.0804367524606153,15.259232997894287,10,100,200
dtlz1,3,SMS-EMOA,3,3001,0.12639133654716586,0.04546103749484744,15.290179014205933,10,100,200
dtlz1,3,SMS-EMOA,4,4001,0.13178927779310254,0.033155764579031737,15.257846117019653,10,100,200
dtlz1,3,SMS-EMOA,5,5001,0.0,0.5463127840931984,15.233899354934692,10,100,200
dtlz1,3,SMS-EMOA,6,6001,0.030152654576902818,0.2731596055388419,15.290198564529419,10,100,200
dtlz1,3,SMS-EMOA,7,7001,0.0,1.0066213276982259,15.025931119918823,10,100,200
dtlz1,3,SMS-EMOA,8,8001,0.007060421969144293,0.35147057301504664,15.149837255477905,10,100,200
dtlz1,3,SMS-EMOA,9,9001,0.0,0.701191281622061,15.049588918685913,10,100,200
dtlz1,3,SMS-EMOA,10,10001,0.0,0.7204315364118894,15.21512484550476,10,100,200
dtlz1,3,SMS-EMOA,11,11001,0.0,0.5934229148004548,15.041422367095947,10,100,200
dtlz1,3,SMS-EMOA,12,12001,0.0,0.5453628970101074,15.042218446731567,10,100,200
dtlz1,3,SMS-EMOA,13,13001,0.0,0.5965028810736519,15.114900827407837,10,100,200
dtlz1,3,SMS-EMOA,14,14001,0.025058119612159806,0.2478225427354632,15.02608585357666,10,100,200
dtlz2,2,NSGA-II,0,1,0.4188816802136522,0.0024881927364986244,1.0583631992340088,10,100,200
dtlz2,2,NSGA-II,1,1001,0.41900069488603964,0.002550513071355453,1.0734689235687256,10,100,200
dtlz2,2,NSGA-II,2,2001,0.41921478877451923,0.002499740434832967,1.0763587951660156,10,100,200
dtlz2,2,NSGA-II,3,3001,0.4193484717771777,0.002309342099166021,1.048907995223999,10,100,200
dtlz2,2,NSGA-II,4,4001,0.4190280014153394,0.0026021328676937103,1.0511391162872314,10,100,200
dtlz2,2,NSGA-II,5,5001,0.41965106491152043,0.0020497044385958704,1.0955314636230469,10,100,200
dtlz2,2,NSGA-II,6,6001,0.41883384125459966,0.0024456379183223466,1.0523884296417236,10,100,200
dtlz2,2,NSGA-II,7,7001,0.4193489106496417,0.0020382248128006067,1.0596942901611328,10,100,200
dtlz2,2,NSGA-II,8,8001,0.4192199109373472,0.002246206740162259,1.0589091777801514,10,100,200
dtlz2,2,NSGA-II,9,9001,0.41906521293089444,0.002400081483103082,1.0646824836730957,10,100,200
dtlz2,2,NSGA-II,10,10001,0.41895433051779896,0.0023794988130855363,1.0603060722351074,10,100,200
dtlz2,2,NSGA-II,11,11001,0.41912723558717696,0.002235468047147223,1.0498631000518799,10,100,200
dtlz2,2,NSGA-II,12,12001,0.41921819683868783,0.0022441439229815025,1.065962553024292,10,100,200
dtlz2,2,NSGA-II,13,13001,0.4189495404089486,0.0026827583293133382,1.057112455368042,10,100,200
dtlz2,2,NSGA-II,14,14001,0.41996359091654867,0.0019621177191705193,1.0487525463104248,10,100,200
dtlz2,2,SMS-EMOA,0,1,0.42100703314280025,0.0016162275885106539,14.524672508239746,10,100,200
dtlz2,2,SMS-EMOA,1,1001,0.4210063889754749,0.0016989907226520942,14.524727821350098,10,100,200
dtlz2,2,SMS-EMOA,2,2001,0.42100358370770297,0.0015492347704597195,14.474722385406494,10,100,200
dtlz2,2,SMS-EMOA,3,3001,0.4209868759361524,0.0017908848867009153,14.759256839752197,10,100,200
dtlz2,2,SMS-EMOA,4,4001,0.4210083791227988,0.0016407846157500566,16.48195195198059,10,100,200
dtlz2,2,SMS-EMOA,5,5001,0.4209968978248526,0.0014823787907242026,16.682907104492188,10,100,200
dtlz2,2,SMS-EMOA,6,6001,0.4210059801642222,0.00162898285371845,15.692544937133789,10,100,200
dtlz2,2,SMS-EMOA,7,7001,0.42100224633943434,0.001637399265559696,15.374699354171753,10,100,200
dtlz2,2,SMS-EMOA,8,8001,0.42099082228959495,0.001628522979569779,15.591301918029785,10,100,200
dtlz2,2,SMS-EMOA,9,9001,0.42099483058943593,0.0015475183895304787,15.317006587982178,10,100,200
dtlz2,2,SMS-EMOA,10,10001,0.42101078336498854,0.0015983603832226332,15.447826623916626,10,100,200
dtlz2,2,SMS-EMOA,11,11001,0.42100993587150704,0.001615071228743699,15.251464128494263,10,100,200
dtlz2,2,SMS-EMOA,12,12001,0.4210032890643006,0.001719908770571838,15.241526365280151,10,100,200
dtlz2,2,SMS-EMOA,13,13001,0.4209904679917456,0.0016773257677027845,15.22334098815918,10,100,200
dtlz2,2,SMS-EMOA,14,14001,0.4210099103605537,0.0016156051577179413,15.375395774841309,10,100,200
dtlz2,3,NSGA-II,0,1,0.7037058614799762,0.039099659585476086,1.1499621868133545,10,100,200
dtlz2,3,NSGA-II,1,1001,0.7017096098649308,0.03825981612436183,1.1586143970489502,10,100,200
dtlz2,3,NSGA-II,2,2001,0.7088802082264688,0.03557863140790929,1.1567625999450684,10,100,200
dtlz2,3,NSGA-II,3,3001,0.6949806102930225,0.04040237716041419,1.143150806427002,10,100,200
dtlz2,3,NSGA-II,4,4001,0.6975154238949329,0.041070095006913936,1.1748011112213135,10,100,200
dtlz2,3,NSGA-II,5,5001,0.7063242034670126,0.037260571561518824,1.1832337379455566,10,100,200
dtlz2,3,NSGA-II,6,6001,0.7021108537993963,0.03985595327369505,1.1920380592346191,10,100,200
dtlz2,3,NSGA-II,7,7001,0.6877351068247187,0.047231878553233436,1.181654691696167,10,100,200
dtlz2,3,NSGA-II,8,8001,0.7095107789508949,0.03662582192938102,1.1513662338256836,10,100,200
dtlz2,3,NSGA-II,9,9001,0.7167103667510553,0.034357906234694785,1.1748871803283691,10,100,200
dtlz2,3,NSGA-II,10,10001,0.7044314082906032,0.036733090260133605,1.149979591369629,10,100,200
dtlz2,3,NSGA-II,11,11001,0.6966959245525897,0.041039525397385125,1.1499991416931152,10,100,200
dtlz2,3,NSGA-II,12,12001,0.6944488472472563,0.04186133156032927,1.1676905155181885,10,100,200
dtlz2,3,NSGA-II,13,13001,0.710894887408988,0.03667933667619533,1.166926622390747,10,100,200
dtlz2,3,NSGA-II,14,14001,0.7109136855292942,0.03764086365033753,1.149986982345581,10,100,200
dtlz2,3,SMS-EMOA,0,1,0.7578542268540299,0.018000017859448054,16.458072423934937,10,100,200
dtlz2,3,SMS-EMOA,1,1001,0.7577540970257803,0.016931938951336732,16.539934158325195,10,100,200
dtlz2,3,SMS-EMOA,2,2001,0.7578575553469434,0.017141066229246042,16.05796766281128,10,100,200
dtlz2,3,SMS-EMOA,3,3001,0.7577622274444569,0.017167972007116953,15.78305983543396,10,100,200
dtlz2,3,SMS-EMOA,4,4001,0.7578065966373551,0.01610951260088227,15.79256296157837,10,100,200
dtlz2,3,SMS-EMOA,5,5001,0.7578156476994766,0.017788035946125928,15.832971334457397,10,100,200
dtlz2,3,SMS-EMOA,6,6001,0.7577797223617421,0.017230153577288812,15.816555738449097,10,100,200
dtlz2,3,SMS-EMOA,7,7001,0.757798119764197,0.016929886011496705,15.850743770599365,10,100,200
dtlz2,3,SMS-EMOA,8,8001,0.7577724019509533,0.016903149048183914,15.855581045150757,10,100,200
dtlz2,3,SMS-EMOA,9,9001,0.7577841633306475,0.017211480421332536,15.90089464187622,10,100,200
dtlz2,3,SMS-EMOA,10,10001,0.7577514595769557,0.016103646140982694,16.16515064239502,10,100,200
dtlz2,3,SMS-EMOA,11,11001,0.757808526014389,0.016759096486224083,17.272584915161133,10,100,200
dtlz2,3,SMS-EMOA,12,12001,0.7577194605487203,0.01677985029113478,16.955617666244507,10,100,200
dtlz2,3,SMS-EMOA,13,13001,0.7577976660290239,0.01741081496148708,15.927117586135864,10,100,200
dtlz2,3,SMS-EMOA,14,14001,0.7577736187325661,0.017491407416483435,15.797436952590942,10,100,200
dtlz4,2,NSGA-II,0,1,0.4187589058875396,0.0023642845557193173,1.090820074081421,10,100,200
dtlz4,2,NSGA-II,1,1001,0.10999983748980452,0.3780155775490639,1.8407580852508545,10,100,200
dtlz4,2,NSGA-II,2,2001,0.4190433557845696,0.0025706948751592264,1.058722734451294,10,100,200
dtlz4,2,NSGA-II,3,3001,0.10999977512749295,0.37801563424207446,1.9302654266357422,10,100,200
dtlz4,2,NSGA-II,4,4001,0.4189171897940256,0.0024130634364879383,1.0732395648956299,10,100,200
dtlz4,2,NSGA-II,5,5001,0.4194677828111832,0.0022482480484015306,1.056596040725708,10,100,200
dtlz4,2,NSGA-II,6,6001,0.41901528914835817,0.002565416307396917,1.1650149822235107,10,100,200
dtlz4,2,NSGA-II,7,7001,0.41897588908706335,0.0024804100332484432,1.0558958053588867,10,100,200
dtlz4,2,NSGA-II,8,8001,0.10999982256814306,0.3780155911142108,1.8602879047393799,10,100,200
dtlz4,2,NSGA-II,9,9001,0.4194657489197096,0.00238486456681188,1.0762348175048828,10,100,200
dtlz4,2,NSGA-II,10,10001,0.10999986785734553,0.3780155499422085,1.896026611328125,10,100,200
dtlz4,2,NSGA-II,11,11001,0.4190851751235408,0.00257849455273768,1.0760371685028076,10,100,200
dtlz4,2,NSGA-II,12,12001,0.10999992153788536,0.37801550114171767,2.005481719970703,10,100,200
dtlz4,2,NSGA-II,13,13001,0.10999998925219125,0.37801543958325773,1.8179478645324707,10,100,200
dtlz4,2,NSGA-II,14,14001,0.41919551834090557,0.002318708295131971,1.076566219329834,10,100,200
dtlz4,2,SMS-EMOA,0,1,0.42096740427384155,0.0015366018684152447,15.04646921157837,10,100,200
dtlz4,2,SMS-EMOA,1,1001,0.10999976221869415,0.37801564597734605,41.86280179023743,10,100,200
dtlz4,2,SMS-EMOA,2,2001,0.4210074950649287,0.0015512479892834416,14.65523910522461,10,100,200
dtlz4,2,SMS-EMOA,3,3001,0.10999997342800774,0.37801545396887937,43.21544861793518,10,100,200
dtlz4,2,SMS-EMOA,4,4001,0.42096247188017505,0.0016321257686180463,14.807990312576294,10,100,200
dtlz4,2,SMS-EMOA,5,5001,0.4209849159267917,0.0016556131897186772,14.941315650939941,10,100,200
dtlz4,2,SMS-EMOA,6,6001,0.4209933636748444,0.001778687796170311,14.806892395019531,10,100,200
dtlz4,2,SMS-EMOA,7,7001,0.4209912707314155,0.001751866413205492,14.955980777740479,10,100,200
dtlz4,2,SMS-EMOA,8,8001,0.10999984937228463,0.37801556674680925,44.09993553161621,10,100,200
dtlz4,2,SMS-EMOA,9,9001,0.42101234218526473,0.0016140765301116404,15.52991247177124,10,100,200
dtlz4,2,SMS-EMOA,10,10001,0.10999981608256684,0.37801559701018916,43.18741011619568,10,100,200
dtlz4,2,SMS-EMOA,11,11001,0.42099732755357305,0.0016245717523860473,14.739331007003784,10,100,200
dtlz4,2,SMS-EMOA,12,12001,0.10999991186450103,0.37801550993570343,44.48294949531555,10,100,200
dtlz4,2,SMS-EMOA,13,13001,0.10999993041196927,0.3780154930743687,44.303932905197144,10,100,200
dtlz4,2,SMS-EMOA,14,14001,0.42099622297140576,0.0015891256610520653,15.96279501914978,10,100,200
dtlz4,3,NSGA-II,0,1,0.7039251053892243,0.03793210144505929,1.1164424419403076,10,100,200
dtlz4,3,NSGA-II,1,1001,0.7139598789900041,0.03553878303832691,1.109825611114502,10,100,200
dtlz4,3,NSGA-II,2,2001,0.7036947961416479,0.03799146234677477,1.1039650440216064,10,100,200
dtlz4,3,NSGA-II,3,3001,0.7108007237950155,0.03625764375292267,1.1467652320861816,10,100,200
dtlz4,3,NSGA-II,4,4001,0.7060654394893059,0.038153216107145935,1.1089229583740234,10,100,200
dtlz4,3,NSGA-II,5,5001,0.7013027660460845,0.039285201511902006,1.1149539947509766,10,100,200
dtlz4,3,NSGA-II,6,6001,0.71037029741587,0.03897162580081586,1.1094491481781006,10,100,200
dtlz4,3,NSGA-II,7,7001,0.7049929585253494,0.035459505930285955,1.121199607849121,10,100,200
dtlz4,3,NSGA-II,8,8001,0.7145410577099705,0.03358120301182784,1.117875576019287,10,100,200
dtlz4,3,NSGA-II,9,9001,0.7038507983255804,0.03885759472335716,1.1143450736999512,10,100,200
dtlz4,3,NSGA-II,10,10001,0.7038600085512496,0.03879869596605106,1.099738597869873,10,100,200
dtlz4,3,NSGA-II,11,11001,0.7029509569872432,0.03796916099270976,1.1158888339996338,10,100,200
dtlz4,3,NSGA-II,12,12001,0.7132024000895878,0.03363575619776832,1.1148509979248047,10,100,200
dtlz4,3,NSGA-II,13,13001,0.7013651975137667,0.03941433233826054,1.1130950450897217,10,100,200
dtlz4,3,NSGA-II,14,14001,0.698818516576575,0.03890814250453077,1.099123477935791,10,100,200
dtlz4,3,SMS-EMOA,0,1,0.7578368975874634,0.0172124270276448,15.879048585891724,10,100,200
dtlz4,3,SMS-EMOA,1,1001,0.463112229165598,0.2314848990431219,15.444826602935791,10,100,200
dtlz4,3,SMS-EMOA,2,2001,0.7578091945729926,0.017784504946891527,15.852322340011597,10,100,200
dtlz4,3,SMS-EMOA,3,3001,0.46310974292022006,0.2315110760141498,15.363410472869873,10,100,200
dtlz4,3,SMS-EMOA,4,4001,0.7578810098017504,0.016820758300776454,15.905948638916016,10,100,200
dtlz4,3,SMS-EMOA,5,5001,0.7578780232122919,0.01761710759377457,16.01880717277527,10,100,200
dtlz4,3,SMS-EMOA,6,6001,0.7578482510952343,0.01739303465160576,15.956351041793823,10,100,200
dtlz4,3,SMS-EMOA,7,7001,0.7579761964755903,0.017304579652158505,15.795201778411865,10,100,200
dtlz4,3,SMS-EMOA,8,8001,0.4631033274246668,0.23145045115353846,15.444010972976685,10,100,200
dtlz4,3,SMS-EMOA,9,9001,0.7577770032336354,0.01718564689988097,15.836737394332886,10,100,200
dtlz4,3,SMS-EMOA,10,10001,0.757809326588008,0.016961755839997195,15.879068851470947,10,100,200
dtlz4,3,SMS-EMOA,11,11001,0.7579343245221708,0.01664361455871219,15.866927862167358,10,100,200
dtlz4,3,SMS-EMOA,12,12001,0.463054024173048,0.23155772753442314,15.82424259185791,10,100,200
dtlz4,3,SMS-EMOA,13,13001,0.7579357322525546,0.016232808464613443,15.823907852172852,10,100,200
dtlz4,3,SMS-EMOA,14,14001,0.7577613350705014,0.018026398400500514,15.831087350845337,10,100,200
